First Name,Last Name,Job Title,Salary
Jane,Brown,Project Manager,70364.0
Sophia,Wilson,HR Manager,87925.0
Alice,Wilson,Software Engineer,57295.0
Chris,Taylor,Marketing Specialist,71249.0
John,Williams,Sales Associate,54977.0
Anna,Smith,Software Engineer,54955.0
Mike,Miller,Product Manager,54421.0
John,Brown,Accountant,63554.0
Bob,Taylor,Designer,58941.0
Anna,Smith,HR Manager,
Alice,Moore,Designer,81148.0
Eve,Jones,Sales Associate,
Jane,Johnson,Designer,
John,Taylor,Project Manager,63818.0
Sophia,Wilson,Project Manager,111941.0
Mike,Miller,Designer,93592.0
Chris,Brown,Sales Associate,66253.0
Alice,Brown,Marketing Specialist,90377.0
John,Brown,Product Manager,104224.0
David,Brown,Product Manager,147383.0
David,Wilson,Data Scientist,51540.0
David,Miller,Marketing Specialist,133882.0
David,Williams,Designer,122072.0
Eve,Jones,HR Manager,140280.0
Bob,Miller,Product Manager,60732.0
Eve,Johnson,HR Manager,
David,Davis,Marketing Specialist,83066.0
Chris,Wilson,Designer,85088.0
Eve,Miller,Product Manager,107068.0
Anna,Davis,Sales Associate,121739.0
